Grid_Number,bus_station
0,0.27118556387917486
1,0.1264267285100341
2,1.064884220959082
3,1.4016959438770136
4,1.2432966123615787
5,1.0569131757049763
6,0.8358062758209363
7,0.571538515003127
8,0.25383135902770665
9,0.02677476248439052
10,0.027841680378064667
11,0.029057705039424037
12,0.03036378146696643
13,0.03154202218725004
14,0.03201893094222123
15,0.030711643104164525
16,0.10921341483192054
17,0.43452006289586054
18,0.06843837228129541
19,0.654592628495026
20,0.704628173168453
21,0.6998285907483656
22,0.6646625346169039
23,0.6211308198633587
24,0.5796601087783619
25,0.5434618818910485
26,0.5127993276741126
27,0.4870101556014215
28,0.46526513743767284
29,0.44681005770138654
30,0.1997407780317244
31,1.0763823939920876
32,1.4026220146440556
33,1.6839871562702156
34,1.8524819777986212
35,2.006212583074743
36,2.1410463117567633
37,2.2543919303365985
38,2.345414463635352
39,2.4148866794294843
40,2.4647804619812304
41,2.49776309794193
42,2.5167408019777957
43,2.35013194218229
44,1.9082805255158073
45,1.488681636797648
46,1.093819756229077
47,0.7248746141544107
48,0.38201141552783885
49,0.28176397357307725
50,0.12725684620027095
51,0.5593457975593774
52,1.5828693856264526
53,1.5651940082541842
54,1.4033341191987492
55,1.2084294260272672
56,0.9710459411538577
57,0.6788114985127631
58,0.3159628047899369
59,0.025709846441401167
60,0.026970634869939204
61,0.028513617864960907
62,0.030282338117161998
63,0.0318046501716849
64,0.031403105009890624
65,0.0653465737626002
66,0.5059052644666181
67,0.07086120236281067
68,0.6506657628823287
69,0.7080816791343568
70,0.6783704213373762
71,0.6205575272237134
72,0.56581372500615
73,0.52101123738982
74,0.48548168187928875
75,0.4572441644757091
76,0.43452021009708736
77,0.41595728400154985
78,0.4005680749846251
79,0.45597605274245323
80,0.9950048983910456
81,1.3491157090173238
82,1.659639659279139
83,1.84454915783451
84,2.012233604890804
85,2.15733055031159
86,2.2766595783345145
87,2.3695111997484726
88,2.437343502691101
89,2.4830974792348077
90,2.510429691866726
91,2.523084408958459
92,2.1468222859683865
93,1.6832098747651598
94,1.2470020684998726
95,0.8402959897829114
96,0.4637040388680798
97,0.11674997733216878
98,0.29384620114712745
99,0.12819275078092504
100,0.0009666393063544092
101,1.05879777648044
102,1.8975255987603687
103,1.7650550311022835
104,1.603249149805022
105,1.402476443883108
106,1.149222919030146
107,0.8246585289845952
108,0.40337158853372146
109,0.023959755758452047
110,0.02540334319487829
111,0.02741964741478614
112,0.030104631949128362
113,0.03202229184026555
114,0.025704806622510887
115,0.6417376407571257
116,0.0720489085434824
117,0.6416324123021184
118,0.7009617215172875
119,0.6191176264640467
120,0.5392046856873398
121,0.4821809317595207
122,0.4420500920192535
123,0.41291446154426464
124,0.39101021375586426
125,0.37402522105892605
126,0.3605066886819932
127,0.35246694458616185
128,0.3639854360620593
129,0.8984452592061607
130,1.2849896355316286
131,1.6301393866263425
132,1.8348998311240012
133,2.01933368716977
134,2.176307338323226
135,2.301875568120726
136,2.39566801083674
137,2.460274156987085
138,2.5000740297396007
139,2.5200662773957503
140,2.430614353802579
141,1.9150929477419814
142,1.4295000583027249
143,0.9774721486974813
144,0.5604270379884055
145,0.17814505261233535
146,0.17070846683001947
147,0.3077776918132458
148,0.1292585247403167
149,0.05051647025081184
150,0.4723541190024589
151,2.2349825896197637
152,2.135818860244981
153,2.0130885669829475
154,1.8580636915703017
155,1.6577009367938007
156,1.3922240386405174
157,1.031731605290256
158,0.532857465831743
159,0.020750312586773362
160,0.022023456386065846
161,0.02437484672215578
162,0.029416386082791405
163,0.023043694907423855
164,0.9417169453010621
165,0.061816736912786385
166,0.6005083652984246
167,0.611882739821292
168,0.47037333932923003
169,0.40276693178753886
170,0.3655708733379397
171,0.3423557515968414
172,0.32656244844375854
173,0.31514673409354055
174,0.3065194702859917
175,0.3390750650893624
176,0.8130717759527343
177,0.2553049150543302
178,0.7823736572453818
179,1.2068847833096534
180,1.5936999054371845
181,1.8229085369929507
182,2.027825009044287
183,2.1986691476105915
184,2.3304994590360155
185,2.423715701495041
186,2.482796504634993
187,2.5142624734296115
188,2.5248994294853526
189,2.1948752418112107
190,1.6498462163940786
191,1.142782291754509
192,0.6765514896420755
193,0.25149544824553416
194,0.1337686356247068
195,0.4816848463999195
196,0.3240174056627111
197,0.1304861161488734
198,0.06455074799176509
199,0.18259736539544974
200,1.039000209249123
201,2.5075381568145603
202,2.4278575549058004
203,2.3254230324301717
204,2.189704782259737
205,2.0033509400110763
206,1.7368794882288894
207,1.3400892900692711
208,0.733906586292498
209,0.014069193612042
210,0.012633502528323789
211,0.007859005346508184
212,0.0319420493953998
213,0.712394100410651
214,0.2866848019458871
215,0.3559682303433983
216,0.13629819240817267
217,0.195831951710074
218,0.21354656236480604
219,0.22192626727536663
220,0.2267965627276908
221,0.22997717793494393
222,0.23221648422779254
223,0.31870923501632387
224,1.2988506204752666
225,0.8362181810383863
226,0.12580816446525933
227,0.6408344755452235
228,1.1099551726814934
229,1.5476323264337362
230,1.807607592792283
231,2.038151507449842
232,2.2253472428484358
233,2.362966186395541
234,2.4530631209797122
235,2.5033134486116015
236,2.5234018684763124
237,2.5224034457416966
238,1.9197985840267993
239,1.34512669722994
240,0.818201244715423
241,0.3405194599306324
242,0.08916875926396278
243,0.4738032891254625
244,0.8172103981632408
245,0.34318804567970074
246,0.13191881006095174
247,0.08118611023768972
248,0.6932232227001095
249,0.34964167243523114
250,1.7147878750720664
251,2.8350728360636186
252,2.787879624040919
253,2.723019099595297
254,2.6293233289351603
255,2.4851037276459693
256,2.245246536831076
257,1.8149627355246458
258,1.0359864575994775
259,0.00011032151697872905
260,0.011796037804086154
261,0.029129721385860195
262,0.25370649115173366
263,0.6229708995242418
264,0.6874744603966122
265,0.3336599740609513
266,0.09765113620669036
267,0.011397577054495742
268,0.0697154467041173
269,0.10527621766155061
270,0.12904000545459984
271,0.2874892361787397
272,1.4010491977426964
273,1.683261193244034
274,0.863221149660887
275,0.021564128216528842
276,0.4655455203964339
277,0.9870240676103412
278,1.4877224704834735
279,1.7874197253082484
280,2.0509652336641437
281,2.257603205833364
282,2.399507008653809
283,2.482260338067529
284,2.5190125061320785
285,2.5240161059780912
286,2.255696875058398
287,1.5971243258125305
288,0.9941339415682833
289,0.450544042238078
290,0.03433653240418971
291,0.4639828194407546
292,0.8433300367798856
293,1.177856253480877
294,0.3661551336272059
295,0.13361669689226618
296,0.10120532868772898
297,0.6970883941954453
298,0.4229841539072422
299,0.9910063798091305
300,2.606581659578423
301,3.226177089084983
302,3.2296618466722182
303,3.2287565164124925
304,3.2160517433236953
305,3.1695799857277236
306,3.013054260111913
307,2.4836054800305214
308,1.2927005008007628
309,0.01860863506463329
310,0.028408448967809818
311,0.06916111519718425
312,0.3624904838940101
313,0.6150858090447812
314,0.4964764922953523
315,0.2965362626225383
316,0.1587788567427924
317,0.07012570837083149
318,0.011051216857370491
319,0.24047141725478832
320,1.501708935421856
321,2.508498310554806
322,1.811318814877056
323,0.8948363259615153
324,0.048957601681851884
325,0.24493838839521415
326,0.8271851509670433
327,1.4070492515292545
328,1.7595994352876188
329,2.0672609582627883
330,2.297132145006164
331,2.439669820794681
332,2.50812495096918
333,2.5250456525591125
334,2.5108813642172674
335,1.9168788859976775
336,1.217112273030709
337,0.589382581808568
338,0.034514048486516916
339,0.4514102088930977
340,0.8748126739748677
341,1.2430651309761651
342,1.5635224244803811
343,0.39415592194326565
344,0.1356656001178162
345,0.1257352908319026
346,0.7016572989916567
347,0.5220763151324809
348,0.1753840565974606
349,1.749641728863584
350,2.925224147013325
351,3.681017812114446
352,3.755305106469078
353,3.850074756700422
354,3.972649443149922
355,4.121333961502071
356,4.0893436353925585
357,2.688665473955638
358,1.1479515367935529
359,0.02810173289730801
360,1.1580418551516851
361,1.4136632057040177
362,1.3154612912308103
363,0.9189532681988838
364,0.5688685640269073
365,0.3360239428423538
366,0.18359995154932493
367,0.0199433255085587
368,1.5106000415314766
369,2.5726644112960586
370,2.505971037690086
371,1.967265790825487
372,0.931748052616419
373,0.13839762750387763
374,0.03699540327298655
375,0.6135112457058012
376,1.2936322290820836
377,1.7189443798915682
378,2.088624672342785
379,2.3460833792660907
380,2.4810377521738274
381,2.5240077634382208
382,2.513277344551816
383,2.330406114127043
384,1.5059704292475917
385,0.7687367515031547
386,0.12311228495280374
387,0.43478424564962553
388,0.9133057119349268
389,1.3225649658448946
390,1.6727430876962572
391,1.6314746723652207
392,0.42901812867413175
393,0.138192264969387
394,0.1564554878421668
395,0.436952385506871
396,0.4860985969115718
397,0.20145138376673277
398,0.8235352631914202
399,1.9406301013329565
400,3.153784989900908
401,4.172760061554657
402,4.319082004202051
403,4.501195182109234
404,4.716564655898588
405,4.723316133815957
406,3.494620606870132
407,1.847145297144672
408,0.34732385059590615
409,2.4151356518088978
410,3.0612827609032682
411,3.163015338549895
412,2.3237798537763092
413,1.6812580550629173
414,1.0086792235825905
415,0.4266428360229966
416,0.6757575775685891
417,2.0035852360367326
418,2.576202316764665
419,2.5023118103478392
420,2.1586142118783402
421,0.9740793545009956
422,0.2537902912216177
423,0.40159524764175786
424,0.31955854965782693
425,1.1255910627182384
426,1.6544260707299772
427,2.117709217584411
428,2.4065016846969636
429,2.5157388174337676
430,2.5165127604806967
431,2.470693283200626
432,1.888370651832004
433,1.0063112048261318
434,0.24034131099715522
435,0.41192588135889857
436,0.9610790876520751
437,1.4211763196365828
438,1.8012846915080736
439,1.662365192897074
440,1.53133337785589
441,0.4735485348188404
442,0.14139145675680265
443,0.1959745997945656
444,0.5120347293981876
445,0.4401105064284393
446,0.11970777716829889
447,0.005145844669850703
448,0.8163689097936676
449,2.0146859399963777
450,3.350277554341301
451,4.606443410267282
452,4.74364906828747
453,4.8074670209251185
454,4.546792213902004
455,3.356320993650751
456,1.4566717322889071
457,0.6072323570983585
458,1.415512867037869
459,2.317423305193843
460,2.818487425680818
461,1.8342137148160602
462,0.8136288398207125
463,0.10040947366327646
464,0.3716947312445709
465,0.7876113655647914
466,2.301445298181999
467,2.578653608792908
468,2.496561154543728
469,2.2768135527344024
470,1.01999168806566
471,0.4044614436132479
472,0.7738498483534185
473,0.09478811406562362
474,0.8614807668533317
475,1.5389114549517326
476,2.159102541845701
477,2.476477660684048
478,2.520910306670896
479,2.4602740656187656
480,2.378374530023274
481,1.3282980918530183
482,0.4000966072860601
483,0.3790047379327407
484,1.0211809349199301
485,1.5458278297147408
486,1.8584865823193268
487,1.7009096329135955
488,1.5523986511772254
489,1.415254776789814
490,0.5322605457444215
491,0.14557699724547002
492,0.24855111360580304
493,0.6089227485270985
494,0.37945195556939687
495,0.014667026812725453
496,0.04489662656733071
497,0.4389067949521586
498,0.7273200587024503
499,2.031180641218529
500,3.3090307388674756
501,3.586422758706189
502,3.3328338290019537
503,2.802154367803503
504,1.93201938157396
505,0.5014434239123184
506,0.3502302414079827
507,0.0008981949094727497
508,0.5565794812105064
509,1.0432875012395837
510,0.3145040566727134
511,0.499818496376542
512,0.9944329055593744
513,0.873962923607061
514,0.9093049135698307
515,2.4562516723072396
516,2.5764576855819357
517,2.486267744448913
518,2.1801211430954983
519,1.062058942353433
520,0.6004621007935329
521,0.9517272584324642
522,0.5235999378711217
523,0.42581219480133403
524,1.2930067571757933
525,2.2194832770410704
526,2.525084130597552
527,2.4359299005885893
528,2.3140475730780783
529,1.7686734856629192
530,0.6231827233197719
531,0.3289918636620696
532,1.0972668336199622
533,1.7064255328340259
534,1.9314852581538116
535,1.7502798282753993
536,1.5791737839145372
537,1.4222712584776926
538,1.2808399295653543
539,0.6128184216030086
540,0.15128368325600786
541,0.3215669261724934
542,0.7320106841501028
543,0.29622471533987754
544,0.12391329485620826
545,0.11094109564570771
546,0.5715999053884671
547,0.30490961156087815
548,0.5864280863630984
549,1.7365437331382072
550,2.305001178738122
551,1.8362983365983978
552,1.1368885171338539
553,0.20715681900691743
554,0.0574019347676649
555,0.6746611917983769
556,1.5978593176818103
557,1.3253067029977246
558,0.22705136547374627
559,1.0437066038107838
560,1.2280634381526478
561,1.011068332933853
562,0.577522139814887
563,1.0314823964453257
564,2.307781033052195
565,2.554629171752396
566,2.4628647101247725
567,1.9919027931297346
568,1.0797345456953409
569,0.8446066520046152
570,1.1940439903044922
571,0.7274519941557237
572,0.053655352510116244
573,0.6842876425865486
574,2.2065985309765024
575,2.325553410538408
576,2.1429195390639277
577,2.032710273155777
578,0.9338308797156732
579,0.248875737964383
580,1.1917556046337676
581,1.9163049725841257
582,2.0269614751301277
583,1.8155906448281367
584,1.6143281935681935
585,1.431143169768622
586,1.2684613450526159
587,1.1257371825114024
588,0.7290818334040063
589,0.15948122552984886
590,0.42876828908870673
591,0.7274948545758134
592,0.17618544650045442
593,0.311927276050229
594,0.20143545929975334
595,0.5900375241120092
596,0.2724704471365512
597,0.039537755480794655
598,0.0824505602639274
599,1.0676076212689487
600,0.43356824339593913
601,0.40792014937397836
602,1.056099596532731
603,0.6843758200454526
604,0.05927696760742947
605,1.3475138258595925
606,2.2059818997873495
607,0.18020226274055107
608,0.9537255431317149
609,1.1674079828288495
610,0.5617399967468948
611,0.1321691273447582
612,1.015049707581381
613,1.9610457839449484
614,2.417709797640363
615,2.3676158403598313
616,1.572728315815976
617,0.9984591095365191
618,1.1110191621668828
619,1.489318868952256
620,1.0953273247565822
621,0.05837853443340509
622,0.5449358690143797
623,0.8082871585779747
624,1.4515015967030667
625,1.576345198182431
626,1.3265785791648026
627,0.1174664997964319
628,1.2971291274860823
629,2.1888343372213686
630,2.154517320025985
631,1.9055122374497342
632,1.6624637135926614
633,1.442698569909745
634,1.2513618657892458
635,1.0875290987971367
636,0.9479623041438572
637,0.9078131517729798
638,0.17200899679895246
639,0.5978805904241408
640,0.6925373199512456
641,0.008070422750153284
642,0.5733614333069745
643,0.3311797644109229
644,0.6164109159542008
645,0.2245665469177052
646,0.15003161974408705
647,0.4538328971767096
648,0.4294195062106019
649,0.8246964568791009
650,1.6266843962041257
651,1.6230707267713997
652,1.4858168528590099
653,1.0008041105828225
654,0.34253977904519045
655,1.4400125688087113
656,0.3972912361119038
657,0.008502376594692577
658,0.3577869595669322
659,0.020143720215732627
660,0.017468772811503185
661,0.5805587593273226
662,1.1950508358529155
663,1.5695190680393005
664,1.4312046612044393
665,0.682931494390086
666,0.2610865820399222
667,1.1893408622108068
668,1.6882032821488113
669,1.674178039421752
670,0.04685041912576298
671,1.6881222807042586
672,0.48876401542128767
673,0.43817059539280534
674,0.8843664141230447
675,0.08030627632587584
676,1.3666853079297026
677,2.5141707783795675
678,2.3239405428546327
679,2.035407316460931
680,1.7321849921724624
681,1.4582806222901308
682,1.2263186436127662
683,1.0345383115756168
684,0.8767430668932211
685,0.7463724559371312
686,1.2028014952041064
687,0.19183573647413527
688,0.6872841708093997
689,0.6185926316251877
690,0.3115849684633081
691,0.6261678749340718
692,0.5268706580178145
693,0.6570405188786249
694,0.14746884168577434
695,0.31264969291099076
696,0.6415536208311987
697,0.41781882979916374
698,0.03623832686110836
699,0.8165054265359063
700,1.8701442492332612
701,2.2040987856066594
702,2.378126273121438
703,0.8951501174034593
704,0.39355951582111104
705,0.754317311337362
706,0.533035481213603
707,0.01712311364770696
708,0.013641228861793706
709,0.011849372989617222
710,0.1783912177283637
711,0.1665220101029181
712,0.03886316058724629
713,0.41114009718174543
714,0.1428197660007545
715,0.003989197200084618
716,0.3534589563623904
717,1.4066302886680826
718,1.2293429405631353
719,0.0008159016428876385
720,1.2018561865586739
721,1.1846293749523658
722,0.3098825323252408
723,0.2582972093875924
724,1.2816457345755725
725,2.5219216906372073
726,2.5129612598352944
727,2.2317667497565985
728,1.8413811238039957
729,1.480030847714539
730,1.1864252151907304
731,0.9565261318657186
732,0.7769020133936246
733,0.6350283080805548
734,0.5212660748060279
735,1.636265165957607
736,0.21066776948807955
737,0.7149747821480423
738,0.4183138840518768
739,0.8378802409766117
740,0.6857072179192873
741,0.8337178856667745
742,0.7266798666045547
743,0.006811265363246548
744,0.5621899119616882
745,0.6216806722890588
746,0.16459814441695197
747,0.9221880390014863
748,0.25370466445769946
749,0.7329914640490447
750,2.010748680977439
751,2.3536031056609987
752,1.4440135423827192
753,0.22167431994473963
754,0.03569748653915258
755,0.49578358544586276
756,0.032611527033139395
757,0.0019076626033256616
758,0.0022305463275074542
759,0.018018421983569625
760,1.0227409563215595
761,0.2306202355064985
762,0.7305807523132685
763,0.13681557181366133
764,0.16913727140946844
765,0.24712783198853366
766,0.18242982806817326
767,0.04220727649428909
768,0.018284383927762063
769,0.7959633642772187
770,1.2489923939920518
771,0.7800811381431163
772,0.7670772555978946
773,2.093951309176847
774,2.445871728378799
775,2.5038047604376814
776,2.0327238376947694
777,1.5101258081184088
778,1.1141093547312193
779,0.8316599226973276
780,0.6284236696740636
781,0.4782798345715646
782,0.3641231648465118
783,0.2749925222737693
784,1.371415162233904
785,0.2361641579457637
786,0.25550979772445925
787,0.1390969859990796
788,1.2787611942828785
789,0.7072424170443451
790,1.2381843278440958
791,0.8640298546982432
792,0.2977687364432963
793,0.9412084079404567
794,0.3003832852730247
795,0.19756020532431057
796,1.1239513907045784
797,1.5519337189504454
798,0.7233225908516938
799,0.4369018210862314
800,1.545071270009796
801,1.591418280710294
802,0.16818040581657623
803,0.018472036694069403
804,0.3700046825762
805,0.3545090459058704
806,0.02528356316657596
807,0.006529393353087244
808,0.026674390107883028
809,0.8340500147390942
810,0.7441190370106503
811,0.18769940801325966
812,0.44256369539619517
813,0.383671553574474
814,0.10051407374690416
815,0.3845382934108584
816,0.07921376969184052
817,0.28945364356175285
818,0.38443312501068205
819,0.03953105117484392
820,0.40814029709544863
821,1.3323753265664287
822,1.6277288367475247
823,2.110979000862906
824,2.424747660749361
825,1.5284450835308274
826,0.9516851242325328
827,0.606284530112453
828,0.3899877299499021
829,0.24589755724457973
830,0.14440437008708248
831,0.06957717220338146
832,0.012352000403629063
833,0.49634124210803565
834,0.7380148903417484
835,0.5158504102761522
836,0.44147532316193305
837,0.5039679953341019
838,0.41935388924043193
839,0.681865828113258
840,0.9247191571624817
841,1.0264700972876364
842,0.6551935225033685
843,0.26343453249090837
844,0.5432874886950544
845,1.114998906552576
846,2.4562754707219936
847,2.367251327316093
848,1.1750619250425562
849,0.013234841452093861
850,0.3078459374357326
851,0.03335609001362127
852,0.06141125388012961
853,0.4799679074364883
854,1.2063013246570649
855,0.029739313714056605
856,0.018825153143685724
857,0.16810376084750828
858,0.3802833536563173
859,0.14762150841121685
860,0.06676112275767593
861,0.19346817966552216
862,0.24777393301177175
863,0.4485701805876074
864,0.4480166956980323
865,0.06558941323395814
866,0.44958243328321057
867,0.4493397357613403
868,0.4492385892976313
869,0.09811731743146265
870,0.7224512101924483
871,0.8339279901003324
872,1.0061296502156993
873,0.9627276498248537
874,0.4451070756654847
875,0.12903086914836603
876,0.02945381944171595
877,0.11836835983632682
878,0.1740225092381779
879,0.21179780493692305
880,0.2390018174129382
881,0.023702322718563665
882,0.03047969320456332
883,0.6189869134625003
884,0.3763894921789438
885,0.2033337960822438
886,0.6059791502606047
887,0.10640139851834943
888,0.14618722030364983
889,0.45499676696488994
890,0.9781766477750706
891,0.3997882704934119
892,1.1221612709472766
893,0.09377015010568812
894,0.6240908153107212
895,2.4169692271222063
896,3.4760614925096687
897,2.2325001095457635
898,0.41820494665486513
899,0.7401218366241433
900,0.01025313450284193
901,0.04136960027082182
902,0.03504105828253466
903,0.11715527986598567
904,0.41876312166069785
905,0.2359808461526012
906,1.3852492220701011
907,0.1465006619939789
908,0.024639029752519036
909,0.0008799224497361138
910,0.2652809882238073
911,0.5805267102786388
912,0.057756597882559164
913,0.295835457575731
914,0.047785934710404716
915,0.3733251139594547
916,0.4358323155807975
917,0.4487656645762222
918,0.19631352740707006
919,0.11602258564267823
920,0.06600951105709738
921,0.1250962768595707
922,0.5235521460057548
923,0.601098150238741
924,0.5193437421627154
925,0.46808734738315977
926,0.43698438649511356
927,0.4165923585704131
928,0.40230669108201894
929,0.01244900002050781
930,0.030340135213346
931,0.2539849523850398
932,0.3786821814572047
933,0.01903060087745871
934,0.10701686638722549
935,0.1886615416097885
936,0.5027902037424257
937,0.14994763892519142
938,0.24260643305826238
939,0.1822072578828904
940,1.5608995961327783
941,0.6413411998027223
942,0.737453249900165
943,0.21216853131306448
944,1.7054659407081905
945,2.3263827798996823
946,1.1608023828575909
947,0.2681525198637223
948,1.0322320046221996
949,0.39952940700786554
950,0.01889389923246108
951,0.04028319002591286
952,0.23558521895087597
953,0.013591346669147356
954,0.5170649900218832
955,0.9322115888133011
956,0.47958208393103885
957,0.37583308034821833
958,0.08694436675963038
959,0.9236422653187344
960,0.46916453409941156
961,0.35639812677738086
962,0.12275435122126964
963,0.056613112529099
964,0.27204902937218
965,0.37732522259664486
966,0.4190414104378197
967,0.302746982011814
968,0.31092664999773567
969,0.3037909852873413
970,0.2797788459560086
971,0.11400699812968401
972,0.3488803804506027
973,0.3387698113451338
974,0.33429491003173145
975,0.33184909751573194
976,0.3303151478147038
977,0.003499304964720977
978,0.019000478596518405
979,0.03849349861570954
980,0.18252097144925802
981,0.6615184617996708
982,0.1114417610080692
983,0.035118102319494825
984,0.25159706879518845
985,0.26958798721497307
986,0.04057810035388511
987,0.11419314428552639
988,0.32336642577225805
989,0.805994464768037
990,0.5191607794724774
991,1.9667383181906046
992,1.1453808966716987
993,0.6511567107198759
994,0.5651843502502877
995,0.10066619046805544
996,0.019843684628345955
997,0.828673822740399
998,0.8572433474481902
999,0.34244003797633515
1000,0.25212819461746766
1001,0.09704570369017727
1002,0.36055074666533277
1003,0.27240321958116054
1004,0.5717290148437671
1005,0.25583895108896854
1006,0.19135109619333412
1007,0.23661264266863896
1008,0.4426425807208897
1009,0.45182825325817283
1010,0.8806304088480854
1011,0.8198392914860251
1012,0.05950020579319562
1013,0.21513671445582805
1014,0.32008916060763704
1015,0.37847794650420563
1016,0.42245160677831517
1017,0.45042432521566705
1018,0.4982463247170399
1019,0.5847266567690019
1020,0.5277774002046126
1021,0.08489906562600527
1022,0.09801941171973066
1023,0.17236330141860298
1024,0.2106979089967217
1025,0.026594060226899273
1026,0.0018787860297634325
1027,0.027542771375467054
1028,0.0486106017793727
1029,0.901034408597621
1030,0.3136013775228144
1031,0.05751395475765662
1032,0.02297268875387931
1033,0.45678465952300623
1034,0.015264440639900727
1035,0.06723248755799398
1036,0.6036832501574915
1037,1.6642651871981247
1038,0.31836327096853645
1039,0.7887457463507178
1040,1.8088496083631178
1041,1.6829952081992048
1042,0.2247457612564608
1043,0.06311791974516882
1044,0.11997346029422636
1045,0.1213681153299408
1046,0.09125354561040512
1047,0.07087087129699966
1048,0.15666323857313688
1049,0.07839448279744249
1050,0.5594666298389064
1051,0.5198428423530094
1052,0.14996348986001454
1053,0.16610904004574012
1054,0.04151181128858548
1055,0.23540730367392143
1056,0.4459335484139476
1057,0.6828647616126688
1058,0.5993739996049271
1059,0.931035665160108
1060,0.9383736234472067
1061,0.6246767981270145
1062,0.1816167138675355
1063,0.2757461938847255
1064,0.33908788099339654
1065,0.5048858145926488
1066,0.5427558622272364
1067,0.5905206541842695
1068,0.6238452316191146
1069,0.5329368203617509
1070,0.29334763301793576
1071,0.09706053803849682
1072,0.02004265285089332
1073,0.05908205102886313
1074,0.02509476563395856
1075,0.009537163597359722
1076,0.03897366225460064
1077,0.061213423351012354
1078,1.2659186940257636
1079,0.9323607404373445
1080,0.10548838364670336
1081,0.015974651220620445
1082,0.9282436790256501
1083,0.0594404226882034
1084,0.020995878633372513
1085,0.3657412136207064
1086,0.9920108369530894
1087,0.4918775424298177
1088,0.03277544948834293
1089,0.09895162810066699
1090,0.568923429501644
1091,0.42714667942026063
1092,0.41390579091370316
1093,0.05054047643727085
1094,0.0715487101666516
1095,0.30002195898016243
1096,0.10175696775433511
1097,0.0022011208480413416
1098,0.010158912352797415
1099,0.33467815133365436
1100,0.682909717091776
1101,0.021097702312360526
1102,0.21547068788563184
1103,0.1751414378976913
1104,0.47692617972089024
1105,0.3989113075296948
1106,0.6241516781506886
1107,0.25789452088674963
1108,0.21821778184717777
1109,0.4249980936858883
1110,0.5133546618729552
1111,0.5491958678960778
1112,0.19587783999494424
1113,0.24517539970244526
1114,0.5598658238028947
1115,0.5921382097719734
1116,0.6194118370752854
1117,0.6146949129856539
1118,0.5334960919008072
1119,0.3793035348569274
1120,0.2217065958684907
1121,0.09756761588733025
1122,0.066181620356037
1123,0.022689584415578792
1124,0.021164340074332814
1125,0.054600407008197634
1126,0.07673574745277438
1127,0.20372331226037454
1128,0.07182985931436883
1129,0.006322814484248965
1130,0.44168807406495897
1131,0.07999423546858668
1132,0.1563515132976229
1133,0.01824564705645878
1134,0.01130896842079818
1135,0.013688981160650883
1136,0.3965773026898123
1137,0.0602046122184525
1138,0.1787369973120542
1139,0.1931236904471707
1140,0.43313009883238646
1141,0.3480985312786281
1142,0.325945561977815
1143,0.05477675826477525
1144,0.07095665685550205
1145,0.0633024130050687
1146,0.08171344772849307
1147,0.1734945036229808
1148,0.03259266834777645
1149,0.29676549422711734
1150,0.005090273881287203
1151,0.18266546665480474
1152,0.05222641862254477
1153,0.23711292770085765
1154,0.38006729906323394
1155,0.6023827778059578
1156,0.08139594438384029
1157,1.5321724713512195
1158,1.9247332441938925
1159,1.3077313576850065
1160,0.4870183517713285
1161,0.09873519202005082
1162,0.39330214968395466
1163,0.5657583280019053
1164,0.6145164776974016
1165,0.6237675472204838
1166,0.6026997385108034
1167,0.5335903116455898
1168,0.051430669819093056
1169,0.10699143882673297
1170,0.1124610533925138
1171,0.07821460996749965
1172,0.018216074438567376
1173,0.04028420581580667
1174,0.0759238360255913
1175,0.09500992486554788
1176,0.213574118230262
1177,0.026488160570846957
1178,0.0015027440706201674
1179,0.0007200972050952714
1180,0.8184508393250536
1181,0.008811648231359584
1182,0.31453086078291986
1183,0.03995658726875303
1184,0.09149736763723809
1185,0.06433059027029492
1186,0.0229619374768165
1187,0.08141267897848933
1188,0.11083260488692168
1189,0.16781322757254408
1190,0.2227287393284678
1191,0.25118509227171715
1192,0.2773875506542424
1193,0.22702358782900187
1194,0.0017158800364506987
1195,0.7941178445173828
1196,0.4807450393012748
1197,0.7765068362408208
1198,0.03324311079267488
1199,0.02015057939297424
1200,0.2065301780218606
1201,0.5702883475761644
1202,0.056950770754842554
1203,0.4471254994896751
1204,0.3860392323423131
1205,0.733847459653752
1206,2.2308792902920502
1207,1.7403426662501298
1208,0.5299325905596852
1209,0.27865381015531693
1210,0.39351147269447895
1211,0.387860365255985
1212,0.25322808399385577
1213,0.3216714636692768
1214,0.08645911390055153
1215,0.6219018555370408
1216,1.2687253435375188
1217,1.545511394777894
1218,0.5867850413322503
1219,0.12964299615359595
1220,0.10131725782654144
1221,0.007104828350055413
1222,0.0738216449909819
1223,0.10279393125233628
1224,0.11419125442861605
1225,0.011817195479597786
1226,0.040274268226712366
1227,0.009931654402293873
1228,0.20987773797340856
1229,0.1986820489134834
1230,0.02230341841546192
1231,0.08963444722437271
1232,0.09650523799327856
1233,0.017465347146930866
1234,0.12875049778388667
1235,0.1912587344063969
1236,0.7589651397944291
1237,0.04492570745524199
1238,0.1455309656853402
1239,0.14963820280484572
1240,0.3848732782084571
1241,0.2220189721613841
1242,0.047285088753220746
1243,0.04590149976494797
1244,0.7091709423478014
1245,0.6730904647259999
1246,0.556941166713968
1247,0.2960481804151214
1248,0.05067645879070585
1249,0.5065364226388657
1250,1.2490365325325417
1251,0.06146708978246477
1252,0.09065031019474498
1253,0.05120262725987288
1254,0.034194902658658634
1255,0.9482326203328879
1256,0.5015563971296784
1257,0.3416678172494649
1258,0.3920645746018731
1259,0.3868767160503994
1260,0.37023040183061223
1261,0.1851149341083037
1262,0.05371444675054499
1263,1.4421736742542117
1264,2.149645082086885
1265,2.718308079380588
1266,2.279552816863104
1267,1.3039158769410315
1268,0.13697139969458225
1269,0.1365167182902312
1270,0.05526817582181451
1271,0.12215769952592745
1272,0.12798359018206748
1273,0.1298802519383453
1274,0.020924067395671955
1275,0.021829656879224273
1276,0.08057066359448765
1277,0.03843870117561505
1278,0.8308304889433503
1279,0.8498831571110761
1280,0.24885630932618993
1281,0.024394647444358385
1282,0.0027136038231109294
1283,0.13002686414876086
1284,0.024070270060189556
1285,0.5417819326816721
1286,0.06931421275720617
1287,0.13832768755928992
1288,0.018863420577086686
1289,0.18587861283732174
1290,0.3890449209004414
1291,0.3203540597477711
1292,0.6328011504002516
1293,0.2554314216209489
1294,0.7144672718920265
1295,0.08305407462658536
1296,0.07237363053588398
1297,0.05665927652599379
1298,0.011270169906507362
1299,0.6651683669487817
1300,0.0007630931342910116
1301,0.044529295580524486
1302,0.03478320081051055
1303,0.03972148255234538
1304,0.030527395436088
1305,0.11854568656428614
1306,0.3677429805954166
1307,0.38397107903007915
1308,0.353880533723172
1309,0.1486442039093845
1310,0.5562456322213974
1311,0.46442671841087574
1312,1.4700856499307637
1313,3.3100147765554446
1314,3.2695834624661373
1315,3.129271472022419
1316,2.2927878609231307
1317,0.3962629592380479
1318,0.08623083731089969
1319,0.07862462591280212
1320,0.13461157147495714
1321,0.1374136532312996
1322,0.1371486976158376
1323,0.005117947777429493
1324,0.11367473215805182
1325,0.0966322509182909
1326,0.16859185620996156
1327,0.9190251195373844
1328,0.28675598354692144
1329,0.35788462457005754
1330,0.4521043057665052
1331,0.036858198649453756
1332,0.0951453229515298
1333,0.18315365949864484
1334,0.15199751815195373
1335,0.27304375531864095
1336,0.3163454841208562
1337,0.04942554351688818
1338,0.04387178995964928
1339,0.06725394791083704
1340,1.2137489390112175
1341,0.45520014879880955
1342,0.097446139116332
1343,0.2505076833834976
1344,0.5474944785243235
1345,1.058224804048647
1346,0.02358372821010096
1347,0.04544319875515822
1348,0.0174186551079722
1349,0.5321141381408973
1350,0.27954267582624287
1351,0.07229991631257729
1352,0.05540771381254092
1353,0.20478391099650345
1354,0.17896706791950964
1355,0.33805561730455397
1356,0.28591582121905074
1357,0.10094276795333144
1358,0.5351525160731481
1359,0.4932654318162199
1360,0.38651163671342054
1361,0.9924907569130356
1362,3.100622564515379
1363,3.594933292819147
1364,3.6345906237563903
1365,3.0097647809620804
1366,1.0394274330032218
1367,0.03311007348276917
1368,0.053068151135218615
1369,0.11106251880705441
1370,0.1296629225431443
1371,0.13515597412337638
1372,0.1088553039184003
1373,0.04618194574002575
1374,0.014624390835019084
1375,0.011179230618057544
1376,0.26917472814601545
1377,0.04383489684467259
1378,0.5651136802809533
1379,0.002112927297162969
1380,0.1731888075898812
1381,0.019042495244929115
1382,0.20393101867782207
1383,0.05081609285332297
1384,0.04300250945246625
1385,0.012475783958749275
1386,0.29868929574915914
1387,0.011769479327821727
1388,0.6062222218493687
1389,0.728986179599742
1390,1.311885361358438
1391,0.6093811005699303
1392,0.29576467863665584
1393,0.5210595542695694
1394,0.8927692690525583
1395,0.010457246425547169
1396,0.005339421107777099
1397,0.004251992790269469
1398,0.11825934361640117
1399,0.6165868507589193
1400,0.4205650993038277
1401,0.2582284193066513
1402,0.053046352302720604
1403,0.8227389474821205
1404,0.003639201138189719
1405,0.8239883975190788
1406,0.3326533676067017
1407,0.5479452721969414
1408,0.37883844505977415
1409,0.26589880316281006
1410,0.4315019761163867
1411,2.5478574976681827
1412,3.6123281553322935
1413,3.440350228161993
1414,2.7198141055277962
1415,1.3336953421652824
1416,0.010466268605509413
1417,0.045792543570504225
1418,0.09126894068732054
1419,0.11596048880181889
1420,0.1274384640890712
1421,0.11658318361891293
1422,0.08259586896626092
1423,0.007451075550560972
1424,0.015949587426504878
1425,0.004256525933190915
1426,0.09172780862276295
1427,0.2992303799210313
1428,0.05213635970919029
1429,0.06342543893464148
1430,0.008213379513494146
1431,0.19834782309173943
1432,0.33045482691055394
1433,0.019459943328206008
1434,0.37044310695209504
1435,0.30602435413703316
1436,0.03021532436982409
1437,0.197558146905154
1438,0.0017414335987762115
1439,0.6629864550807576
1440,0.8829759994917131
1441,0.9195259833044147
1442,1.1129451679658708
1443,0.7772075304159551
1444,0.7422780829060773
1445,0.1749962804594462
1446,0.23734171929720013
1447,0.6080863328845486
1448,0.19649222554587253
1449,0.1253603195215228
1450,0.03595060486025216
1451,0.04319406831000288
1452,0.10572478387997353
1453,0.0074406166613690625
1454,0.30417544868636615
1455,0.6882713252221483
1456,0.3518166592166965
1457,0.17567490172221095
1458,0.09891433045987788
1459,0.05775321610584615
1460,1.8985203568214466
1461,2.8843282678549578
1462,3.140278986702228
1463,2.46222298675508
1464,1.4261940335005647
1465,0.294593168204733
1466,0.04240029712483465
1467,0.0784891468840783
1468,0.10317946791126179
1469,0.11787550280964933
1470,0.11338674571598721
1471,0.09046812552803658
1472,0.008973864945193326
1473,0.025276611234896336
1474,0.034367064806481266
1475,0.5047885722410533
1476,0.5571041446929023
1477,0.613744979012032
1478,0.10596545059449744
1479,0.46645342089894043
1480,0.0581691554543404
1481,0.6890339812917616
1482,0.5636742578841308
1483,0.14749091377177126
1484,0.36178048454722933
1485,0.3824122854243692
1486,0.5843382149871827
1487,0.3395492281269462
1488,0.08191852850701208
1489,0.44852397443095016
1490,0.2897215643981849
1491,0.33738488954776447
1492,0.17242033979590793
1493,0.13076721499445626
1494,0.4244606644599972
1495,0.044823215696748776
1496,0.5734224459840469
1497,0.1662475995606742
1498,0.6173082209637931
1499,0.07891160441219312
1500,0.019067925074197377
1501,0.617896710052368
1502,0.2554840844152219
1503,0.28321985420659024
1504,0.029730895925064147
1505,0.0505544125657957
1506,0.047890549990090674
1507,0.046881214768934115
1508,0.04635546087867351
1509,0.6263971207936029
1510,1.1156955336152574
1511,1.6088899388644027
1512,1.995029482926739
1513,1.4533394788473892
1514,0.5418854252185147
1515,0.04044314294938522
1516,0.0700384840184115
1517,0.09286854488516291
1518,0.10862357528946541
1519,0.11090114562137615
1520,0.09372277631685938
1521,0.4090732426759218
1522,0.8574983307522671
1523,0.7244874166828909
1524,0.5911067580839785
1525,0.613860281205594
1526,0.26073371640659526
1527,0.04394462392476498
1528,0.821600242957184
1529,0.39537184066618125
1530,0.41105520884552604
1531,0.7198927242165304
1532,0.10419053927308256
1533,0.005381932590465226
1534,0.0054926833187173545
1535,0.5995667793437899
1536,0.4782429315582044
1537,0.18633565737432856
1538,0.36145237772447447
1539,0.024969530835556725
1540,0.0248298709616613
1541,0.014472698059186427
1542,0.12725030348271207
1543,0.5851725203673604
1544,0.091954996622448
1545,0.29861181939558357
1546,0.44824224446664485
1547,0.6076439552983715
1548,0.013456333913114576
1549,0.31154993161705646
1550,0.6889097569219502
1551,0.4000832105414072
1552,0.5215110853103849
1553,0.034226013907126346
1554,0.01822812849421689
1555,0.03170375126204772
1556,0.03632443713198518
1557,0.038563128385240814
1558,1.0550694322681966
1559,0.7223802630793452
1560,0.2994768548719826
1561,0.08388048017379333
1562,0.18804939658298098
1563,0.42229409788796873
1564,0.5597960081873007
1565,0.03599042583286973
1566,0.08480355415746998
1567,0.10045885695262313
1568,0.2394166139532099
1569,1.1396420355008237
1570,2.159375001727487
1571,2.798535007082665
1572,2.1218210165811144
1573,0.6701938699010702
1574,0.42660371771615474
1575,0.2243766220411435
1576,0.5501723335160194
1577,0.1303349322079846
1578,0.5177201381428599
1579,0.18113292523620134
1580,0.6921491943333856
1581,0.17342743316420683
1582,0.038539189963364605
1583,0.1259403251830447
1584,0.0364800430923126
1585,0.3162620482357675
1586,0.901400825806787
1587,1.0929245629536555
1588,0.02204949944569489
1589,0.021366312605429583
1590,0.00878142417968894
1591,0.024092854749216828
1592,0.028951977732957518
1593,0.302682256583969
1594,0.08230869537402373
1595,0.237775752588989
1596,0.003703990156724103
1597,0.059852924665559214
1598,0.26705577023569677
1599,0.10457282134687285
1600,0.047290932068470626
1601,0.45483881088249134
1602,0.11232763559755153
1603,0.004041952709379075
1604,0.014815524056761205
1605,0.0243872043249512
1606,0.9616696449413707
1607,2.000892203866256
1608,1.4849080742936749
1609,0.7135869243260832
1610,0.17567935968076837
1611,0.9587869577126534
1612,1.5158974477271046
1613,1.8691235540792794
1614,1.6708388163633308
1615,1.0864295040063616
1616,0.592667600620939
1617,1.5845012939772933
1618,2.612112011261846
1619,3.7913615310247724
1620,3.49826503301553
1621,2.3722444087973793
1622,0.7000327565780999
1623,0.8882463432191221
1624,0.4464137987044373
1625,0.24037665945087042
1626,1.0075008913245038
1627,0.2801814928365934
1628,0.241448454859971
1629,1.0460215381590419
1630,0.014079590063654222
1631,0.08337577987377426
1632,0.1508050616010403
1633,0.04292349263521817
1634,0.3120657931335152
1635,1.0606860949440489
1636,1.190717471503218
1637,0.01603137165028238
1638,0.009947929785096676
1639,0.007486262133242463
1640,0.03749073526855613
1641,0.5998438800722609
1642,0.040387167972341785
1643,0.006080640337357181
1644,0.18399891712021804
1645,0.9931764758532996
1646,0.2794849944054009
1647,0.17209437884228693
1648,0.17210108548343236
1649,0.11228896850015428
1650,0.13704933592587965
1651,0.29438326737481907
1652,0.16717292977365422
1653,0.002602809113256626
1654,0.21930180962186796
1655,2.0685508594291226
1656,2.2979028597708204
1657,1.7917624806556811
1658,0.8187211031947809
1659,0.3738169836477382
1660,1.3319221616349715
1661,1.8877204175293067
1662,2.171893876613753
1663,2.3237892926684753
1664,2.4125948584768686
1665,1.8651839167034086
1666,2.7052287036251332
1667,3.7962433161673697
1668,3.8605898324008905
1669,3.8863095380663175
1670,2.4518209701887366
1671,0.34298305576602206
1672,1.5854660224486754
1673,1.7951235288547291
1674,0.20781437061549332
1675,0.10356041994034604
1676,0.10288413573195829
1677,0.10325042477082093
1678,0.11223104949576179
1679,0.31702706387315377
1680,0.33546398192115817
1681,0.006824243568271186
1682,0.2702712954890578
1683,0.18856932925095077
1684,1.1250874457385591
1685,0.8480561684324528
1686,0.20743196723249457
1687,0.002640788498668826
1688,0.18045075153286597
1689,0.19304113577748502
1690,0.04701712176141547
1691,0.010103450733513455
1692,0.008882293344888922
1693,0.07075651977699568
1694,0.4618318451700427
1695,0.12403884286916991
1696,0.1498481296721028
1697,0.1017249424176452
1698,0.2145028603196731
1699,0.13259783541051684
1700,0.12624169367360447
1701,0.2210139313411023
1702,0.18066011389412143
1703,1.2459177788611577
1704,2.668230256794761
1705,2.5964622540370756
1706,2.2512257396795334
1707,0.9660531032785498
1708,0.7200078267736539
1709,1.881643940196534
1710,2.3117914802277784
1711,2.461527032938435
1712,2.5289053118381206
1713,2.565624381719457
1714,2.588271220474456
1715,3.573719998304323
1716,3.5892832769198013
1717,3.4907772808772815
1718,3.1411337866797804
1719,1.8299719643188785
1720,0.1776055948753558
1721,2.317339676888196
1722,3.159583789199971
1723,1.1165210677903288
1724,0.08264727663465374
1725,0.0015857390587954115
1726,0.6707370102498879
1727,0.17822595713259834
1728,0.2487614814210009
1729,0.06825252157086698
1730,0.20051083001029257
1731,0.4140629924630566
1732,0.7006243304929533
1733,0.3923223726126471
1734,0.32319095040556295
1735,0.20490173838067038
1736,0.028403840482041233
1737,0.042134299002206714
1738,0.0008518054688784105
1739,0.22582452267290876
1740,0.009916199401305448
1741,0.4868914467037331
1742,0.0005597375741357382
1743,0.028579529932343122
1744,0.2822429633708036
1745,0.1533761830618806
1746,0.5107964515814002
1747,0.9614657028895076
1748,1.0559296290334883
1749,0.6726283114647881
1750,0.2635235849597198
1751,0.01928993627213731
1752,1.9342802520147246
1753,2.6814875480030396
1754,2.682940721470251
1755,2.678945598389354
1756,0.9750017847147017
1757,1.2120880666644636
1758,2.581017134947157
1759,2.6468423654412074
1760,2.6584181852031032
1761,2.6631406659119476
1762,2.665695795970404
1763,2.667294512122157
1764,3.3330665519286296
1765,3.1814330063612823
1766,2.8907821214927516
1767,2.272441164764544
1768,1.0793228842248335
1769,0.5983989121786212
1770,2.4066371507418443
1771,3.1417283443856197
1772,1.4181855674070856
1773,0.06605288153333595
1774,0.5655557590195683
1775,0.04565374501004942
1776,0.04188217379624609
1777,0.10620325146602591
1778,0.03963957635816621
1779,0.1258411033638762
1780,0.14043997737237351
1781,1.1179187292218196
1782,0.5952129523245646
1783,0.31675357058643455
1784,0.16824855087494495
1785,0.162759480762057
1786,0.014158861098199168
1787,0.2682870014781197
1788,0.4670103516284272
1789,0.012582748792626148
1790,0.4513551633413352
1791,0.034548176307852826
1792,1.124677461006042
1793,0.5582051699119729
1794,1.2512662652275668
1795,0.059272799912364005
1796,0.6019560077451518
1797,0.9452305207710467
1798,1.0266945775657819
1799,0.7974827843980802
1800,0.11366136557040954
1801,1.5828269240194577
1802,2.5072961358383488
1803,2.376580809148192
1804,1.9289772287397977
1805,0.5842806994988213
1806,1.2534152731382815
1807,2.4613528515084537
1808,2.6569606131986294
1809,2.68949526427538
1810,2.6973102745152353
1811,2.6988577752447336
1812,2.6984275213506907
1813,1.9785566572818842
1814,2.720575909868516
1815,2.2988387530217853
1816,1.5974084330814362
1817,0.5317879079761446
1818,0.8181293631740932
1819,2.183324295451198
1820,2.7525484886257026
1821,1.39059422366243
1822,0.06273647203372638
1823,0.17613093285691253
1824,0.5022168658390336
1825,0.15812612972501303
1826,0.41391412968965813
1827,0.021104083441499142
1828,0.16093637703972855
1829,0.15019967384108146
1830,0.3799761907637803
1831,0.24310511476478144
1832,0.6728208570422491
1833,0.06785534917716791
1834,0.29358126456313943
1835,0.30297880941424227
1836,0.07165465283399351
1837,0.4469859785698869
1838,0.01803996083616539
1839,0.10832102676353633
1840,0.05974743758271597
1841,1.342937626807325
1842,0.21280276659815048
1843,0.49253292591996034
1844,0.5685877064029152
1845,0.0024360401807020935
1846,0.6126644682693491
1847,0.6259278988119168
1848,0.33713362396259344
1849,1.0694134846256298
1850,0.3659249495610093
1851,1.991468156372799
1852,1.9269707499053652
1853,1.3264871954741537
1854,0.260782689647227
1855,1.0244960886823153
1856,1.981107059034448
1857,2.4082095295048656
1858,2.5684728136957182
1859,2.6349387219251925
1860,2.6659919353787536
1861,2.681755206865696
1862,0.34878689413458686
1863,1.2244577792125584
1864,1.7941911171197198
1865,1.0960246760514096
1866,0.16527483445778443
1867,0.9220716658081278
1868,1.9872562047558548
1869,1.819612044957427
1870,0.42696873539340957
1871,0.07926015802691837
1872,0.0847430123700658
1873,0.39019349930495995
1874,0.24652960065483767
1875,0.16659522747257266
1876,0.1055998430180465
1877,0.3361097960033957
1878,0.04580751312957113
1879,0.14741056141069486
1880,0.3020952561898962
1881,0.051210201473509645
1882,0.008053519880899102
1883,0.04361736564449279
1884,0.7265278538262155
1885,0.08744196721112399
1886,0.4001622725564928
1887,0.05411340081738581
1888,0.02183075195905417
1889,0.32506184052311093
1890,0.007521159229376735
1891,0.9782514702753691
1892,0.6299144130468919
1893,0.24637959334663687
1894,0.42381890387660426
1895,0.3786155225940656
1896,0.9218158570403903
1897,1.904957461887357
1898,2.4560335502547237
1899,0.9585000595295837
1900,0.653645456452899
1901,1.5285841942198453
1902,0.9293889636199374
1903,0.07959501873058025
1904,0.863326142390194
1905,1.6369484480611005
1906,2.11652088348258
1907,2.3724650228252577
1908,2.507230497297119
1909,2.5814507635905595
1910,2.624584761713625
1911,0.40678575856948285
1912,0.35979487116384007
1913,0.31206028323162266
1914,0.7263737308508389
1915,0.08123290051094591
1916,0.9749194585896285
1917,1.7172469889185613
1918,0.6693199156755836
1919,0.16586703214048656
1920,0.15929961379933683
1921,0.13915588339552984
1922,0.12056655224552898
1923,0.13510680444417278
1924,0.1307429764053453
1925,0.13849144355061038
1926,0.16612775343158706
1927,0.4847982235483491
1928,0.030049887771820067
1929,0.021150684810940106
1930,0.007858933912008297
1931,0.5770267069208851
1932,0.04375588454156787
1933,0.5444534985718894
1934,0.0945324007304563
1935,0.1467590593218806
1936,0.24480623044963726
1937,0.06963485788191041
1938,0.27512022043720435
1939,0.03642599124420161
1940,0.004042156239938777
1941,0.30288941220810556
1942,0.20284272632542621
1943,0.2539276092411817
1944,0.005401748038857477
1945,1.7759525289629232
1946,3.049745479650569
1947,3.7007893564917724
1948,2.284436368239283
1949,0.652471430005799
1950,0.8512541522906204
1951,0.6657294909644774
1952,0.025809369048330155
1953,0.7597322154158883
1954,1.3988103291848102
1955,1.8634380712539165
1956,2.1638480180730295
1957,2.349639126880339
1958,2.464937097897345
1959,2.5382404112084678
1960,0.40444463735003316
1961,0.34274383555746224
1962,0.2711525093358987
1963,0.3065896484477198
1964,0.6251235807749709
1965,0.16583835677118078
1966,0.737296644704511
1967,0.02903373651538459
1968,0.14912350354837509
1969,0.21957785002662922
1970,0.23771160190967636
1971,0.17195494252929255
1972,0.0562918142630092
1973,0.9919369059726147
1974,0.9596788179423228
1975,0.0062906204516584695
1976,0.21991497039029206
1977,0.007606282125128928
1978,0.7054698105685614
1979,0.2780532230460661
1980,0.0019600682427983428
1981,0.002572932901122044
1982,0.050361670778306805
1983,0.396481804233258
1984,0.14702636864178634
1985,0.46669193315808266
1986,0.08527971403971912
1987,0.08651585188997706
1988,0.11655764969380812
1989,0.014326113832033343
1990,0.46829731493810006
1991,0.21805522230758562
1992,0.022586206878089796
1993,0.7888447405600586
1994,2.772031628101975
1995,3.755586548516404
1996,3.81435888787726
1997,3.481577454388862
1998,1.8268546279340576
1999,0.3340142420806742
2000,0.48408789608959524
2001,0.09259721171700312
2002,0.6899998522760725
2003,1.2296121204040993
2004,1.659306863487818
2005,1.9714538062872553
2006,2.187209090217184
2007,2.3340134858840873
2008,2.4343901154145007
2009,0.400359314911007
2010,0.31314533865959127
2011,0.16233168352805388
2012,0.4293893966782798
2013,1.047815024261083
2014,1.3666495914158112
2015,0.3396821069520547
2016,0.5302834905170903
2017,0.582040186983178
2018,0.6647227920704445
2019,0.7742642512801114
2020,0.39104113265737145
2021,0.7690791885075784
2022,0.4716553641537532
2023,0.10913709102213602
2024,0.11418435820542094
2025,0.43583547849834287
2026,0.10783912075048341
2027,0.015878689187047143
2028,0.8185402467869021
2029,0.14238877555706766
2030,0.1617807506370944
2031,0.17481147618023227
2032,0.04884956044872979
2033,0.5457085342425025
2034,0.2992058735718033
2035,0.2789043289673598
2036,0.9793329982571177
2037,0.7813924999039293
2038,0.015150322544518986
2039,0.34784050297227487
2040,0.728740421830031
2041,0.6501003225793861
2042,0.6067269727588723
2043,2.2797048345616404
2044,3.6084192811891973
2045,3.4681639582307473
2046,3.355367022056669
2047,2.7949088848340597
2048,1.341813196584574
2049,0.08042456317753113
2050,0.13811769832468054
2051,0.6405315623748602
2052,1.1051899747225462
2053,1.4968579966682565
2054,1.8038183090465527
2055,2.03334514159369
2056,2.2010012290618843
2057,2.3226993410411505
2058,0.39151769781675305
2059,0.2542426625661069
2060,0.1172591742371028
2061,0.6032934317103236
2062,1.2518484305601743
2063,1.4458180785297423
2064,0.877911454971184
2065,0.8724657063946888
2066,0.9084659320533278
2067,1.2772078179474038
2068,1.3645356984861454
2069,0.584030055369293
2070,1.3686472542397632
2071,0.016310050847683215
2072,0.10812063133506518
2073,0.1240606706540691
2074,0.20692017940441484
2075,0.3702072787329565
2076,0.23740617863692193
2077,0.05244913113385189
2078,0.1329176228352801
2079,0.38020457047358946
2080,0.029098618033581717
2081,0.41293449698189044
2082,0.30505109061581154
2083,0.28753257113004904
2084,0.45283535431146377
2085,0.2280346869342927
2086,0.023216752272684518
2087,0.26673918516194906
2088,1.831464383982103
2089,1.6550001293597456
2090,0.1409373528694132
2091,0.5777719957882673
2092,1.0442631085006329
2093,2.249521515608724
2094,2.665759059893242
2095,2.7828420938876706
2096,2.825448616316189
2097,2.1592593403198315
2098,0.9438010686107337
2099,0.17094086893913663
2100,0.6038546856725862
2101,1.010685369265747
2102,1.366830388879158
2103,1.6608562473570392
2104,1.8936023381136602
2105,2.0731851250557054
2106,2.2100753060335645
2107,0.3600250775288224
2108,0.11956258973300941
2109,0.3435458218832423
2110,0.8845489476118437
2111,1.3642791764349254
2112,1.4315723406706025
2113,0.5332618039611575
2114,0.012512617282643532
2115,0.1641472271573539
2116,0.26616251132784235
2117,0.44757751196700657
2118,0.2702178117347871
2119,0.41986958366259863
2120,0.7778456932881131
2121,0.7685109848121902
2122,0.36790739721090426
2123,0.5159314487650072
2124,0.5110678458279948
2125,0.3357420303987197
2126,0.4503616880013508
2127,0.11921407478786478
2128,0.0240326442293931
2129,0.2036898234751857
2130,0.419098798810242
2131,0.37069417948318756
2132,0.9392781804931299
2133,0.3953642390681708
2134,0.3723003801255565
2135,0.2511458137114682
2136,0.06519771545159983
2137,0.9585229626388935
2138,0.6269262988983481
2139,0.9855447468542841
2140,1.4867214284395331
2141,0.21876819823145707
2142,1.0150004202448082
2143,1.7227599376475151
2144,2.0870973244963564
2145,2.286602011371609
2146,2.407415172559831
2147,1.6546206002375947
2148,0.44676262291357943
2149,0.5756780872780637
2150,0.9368554785955812
2151,1.2614824649788952
2152,1.539611755707123
2153,1.7692789213087945
2154,1.9542049281444196
2155,2.100905288020287
2156,0.0088070909298213
2157,0.5244190608040249
2158,0.3752477007512141
2159,0.981070594568404
2160,1.5118990977836466
2161,1.058145790445671
2162,0.01160728510898025
2163,0.012333610987865087
2164,0.014364039226146815
2165,0.7131290972819309
2166,1.247955073979098
2167,1.1757490408789937
2168,0.5391165724871305
2169,0.3949881043103162
2170,0.04189126474957681
2171,0.3832668611635706
2172,0.6869060334659143
2173,0.17075854686960723
2174,0.4224883178082898
2175,0.03562701582772274
2176,0.4069405225126995
2177,0.6599872561104435
2178,0.16428499609296296
2179,0.6899450769152147
2180,0.020926644220096477
2181,1.4985298896151276
2182,0.07217764379925859
2183,0.08137146773725305
2184,0.14596944256419225
2185,0.14775649316091857
2186,0.1628227121413347
2187,0.307708467967356
2188,1.5684531617959103
2189,1.8865584909459059
2190,1.125391405634019
2191,0.05967064804188248
2192,0.8749679809603195
2193,1.3940114959531689
2194,1.724160691467363
2195,1.9427015459369459
2196,2.0945794122862624
2197,1.054068584867352
2198,0.13652458153657607
2199,0.8777812641856108
2200,1.1749492748852972
2201,1.436593508287253
2202,1.6596800373535188
2203,1.845429483842994
2204,1.9976615566147848
2205,0.008577016060810138
2206,0.692264562619204
2207,0.08646268932537851
2208,0.8887058674963796
2209,1.4923259004192877
2210,0.3321392298602073
2211,0.08532398795878908
2212,0.011960016091091574
2213,0.0061005170523978905
2214,0.03857836188556348
2215,0.6919134063766011
2216,0.500331046046698
2217,0.5038323217327877
2218,0.051192817686244556
2219,0.35083637800643136
2220,0.2428334701427118
2221,0.13295261656139656
2222,0.0433170271952738
2223,0.21441166324504773
2224,0.2612411818983048
2225,0.6392669003365307
2226,0.09584922509523404
2227,0.055570449463931484
2228,0.5395232485658894
2229,0.16498596851080755
2230,0.06231112801508266
2231,0.05014689750714456
2232,0.5792955860989527
2233,0.06557202054975471
2234,0.13630222364958172
2235,0.16484348731086948
2236,0.6988182481405784
2237,1.4586449250758302
2238,1.8379165012282601
2239,1.643170056356873
2240,0.6132265773476197
2241,0.19345906092273618
2242,0.7776739125781478
2243,1.1902827800591032
2244,1.484126543039063
2245,1.6984050296354007
2246,1.5622773496003137
2247,0.4387352135584224
2248,0.5836670457719447
2249,1.1029050612455322
2250,1.3485966541256293
2251,1.563330225552223
2252,1.7469521259253251
2253,1.9015123266914906
2254,0.16744289411339833
2255,0.16629533151990505
2256,0.074088163861178
2257,0.043214325442327436
2258,0.10263345939046689
2259,0.2085215733179807
2260,0.21094961929147735
2261,0.010754464000716097
2262,0.054474737972459025
2263,0.08332020342517307
2264,0.05610960980753606
2265,0.008009422577130181
2266,0.00922582851922084
2267,0.2579980684192195
2268,0.025665048407814764
2269,0.00739579777896165
2270,0.11074730057825719
2271,0.0021456241694611435
2272,0.4997198703005512
2273,0.12943238665113646
2274,0.06867072610375612
2275,0.26211294481672653
2276,0.31900000685722263
2277,0.016938549461835806
2278,0.820291245897075
2279,0.23733954372358182
2280,0.29861547837687735
2281,0.2707117236326893
2282,0.26427736610890906
2283,0.4596131335031048
2284,0.8713118189312689
2285,0.7072452752976369
2286,0.6290410517003829
2287,1.5425225870689787
2288,1.8677533840465685
2289,1.0656182566716497
2290,0.32566715116108297
2291,0.263015882105633
2292,0.7137868179903635
2293,1.05562707291275
2294,1.3166199996908898
2295,1.518829283070003
2296,0.9308507860827266
2297,0.04405009137006528
2298,0.92862156214686
2299,1.2729212549531403
2300,1.478563244247909
2301,1.6582184662361124
2302,1.8128047532551719
2303,0.26092468505316435
2304,0.22469046464320774
2305,0.06170502404254239
2306,0.052007262561692184
2307,0.2769323137281734
2308,0.37866245870776716
2309,0.5885263289760171
2310,0.04585555853716653
2311,0.1605001553103001
2312,0.05575819745394742
2313,0.045431167405032
2314,0.012222218321030142
2315,0.020308377425119487
2316,0.028742946163682292
2317,0.19835406151920693
2318,0.2504949866339496
2319,0.014324139161878066
2320,0.0020293260809112327
2321,0.7155092107937405
2322,0.2238743060748386
2323,0.06244927339106437
2324,0.02212103662790287
2325,0.4737522183705295
2326,0.8589887399753221
2327,0.004809116518115389
2328,0.4659176002173212
2329,0.8759904708502981
2330,0.4485319304546443
2331,0.023563140905995057
2332,0.2671926023889595
2333,0.7277209432862393
2334,0.5522310392205677
2335,0.48300046346569114
2336,0.4826050721321485
2337,1.1651455566573785
2338,1.370581459665157
2339,0.7135808986191878
2340,0.15318150030432934
2341,0.3041348789730828
2342,0.669916121473574
2343,0.9611895344829227
2344,1.1942357704561126
2345,1.3516359584465207
2346,0.42611553871202706
2347,0.42556074528572024
2348,1.1984615941860175
2349,1.4037837419050794
2350,1.5783915647870035
2351,1.7314038627980735
2352,0.4743419409718782
2353,0.18083630851904656
2354,0.018244567196374305
2355,0.0015109826537602657
2356,0.090458679635816
2357,0.15706272168518284
2358,0.2946815629448611
2359,0.3636087034018235
2360,0.22366519943862578
2361,0.04704046839349053
2362,0.05224910623675487
2363,0.03115808255859042
2364,0.02015800789943023
2365,0.015879666643839982
2366,0.18948029038193648
2367,0.0008812036429367253
2368,0.28924652672885715
2369,0.015762567177088613
2370,0.35257388488809444
2371,0.6604381872161472
2372,0.13997263715281555
2373,0.06202809546613025
2374,0.1937049575010667
2375,0.17976886010474113
2376,0.22590751832730963
2377,0.1864606034785187
2378,0.06258817250456525
2379,0.008976604150578566
2380,0.1735386265745768
2381,0.16925368495445267
2382,0.11125920723657645
2383,0.11863248527373298
2384,0.196192624001887
2385,0.2335406663452677
2386,0.3792859000785838
2387,0.9209792077188013
2388,1.0042672119063436
2389,0.48566453948368415
2390,0.04090504911209337
2391,0.3309515550784126
2392,0.6382969989897792
2393,0.891731293183293
2394,1.10140099542208
2395,0.8358964980872661
2396,0.019634841638511716
2397,0.7306939756984375
2398,1.3375669439267386
2399,1.506551758722424
2400,1.6569140170981682
2401,0.6416787960385779
2402,0.18940889798007912
2403,0.19385243616263323
2404,0.8784851828889121
2405,0.012604763276056702
2406,0.04179664695632278
2407,0.10430526881140417
2408,0.694254715282126
2409,0.24798522022298744
2410,0.21701857454674928
2411,0.05330297698839877
2412,0.04134128082521147
2413,0.7050653838835312
2414,0.7115818266398662
2415,0.1179430408286521
2416,0.08811690859112582
2417,0.4079229210249781
2418,0.013621354626245648
2419,0.008139770631310966
2420,0.37140680245233465
2421,0.20366369255041278
2422,0.40502154074323804
2423,0.09596123318890659
2424,0.5222852935399483
2425,0.08781027204792963
2426,0.39531022939440186
2427,0.32013191284529074
2428,0.37038491486844016
2429,0.07043798043988693
2430,0.03685443505540161
2431,0.17331483807552422
2432,0.2251220511072097
2433,0.08385665903274821
2434,0.0187525998792853
2435,0.08265352822289333
2436,0.12573042134288154
2437,0.15655673665163977
2438,0.35194542334918516
2439,1.0431491338055057
2440,1.6220528828995593
2441,2.1056021869565846
2442,2.5100883422610534
2443,2.0219854103389516
2444,1.1936816319391563
2445,0.41377165241611147
2446,0.311217336497828
2447,0.9781459043461982
2448,1.5866167293753934
2449,2.1382932216846275
2450,0.011977356377661294
2451,0.017936674553649595
2452,0.1428083073409583
2453,0.6136027540382909
2454,0.6558059957705918
2455,0.002905600177852193
2456,0.2514281910329887
2457,0.606228731860278
2458,0.3245724153691342
2459,0.0026661122372652244
2460,0.20794095991605627
2461,0.5488209230315115
2462,0.5301104495163292
2463,0.4594103431844802
2464,0.21277603950558463
2465,0.06634554931344394
2466,0.005252311990842322
2467,0.0031392197385016517
2468,0.049376832232671634
2469,0.5155383401876034
2470,0.321592972348707
2471,0.8083884430336541
2472,0.42108440636205274
2473,1.1555248407889847
2474,0.4072860377982951
2475,0.9353639074808151
2476,0.21095361621575762
2477,0.05696706841473701
2478,1.0778756023807659
2479,0.5361005017374577
2480,0.010400449741908688
2481,0.16744681134467282
2482,0.20394321803642332
2483,0.170014971543279
2484,0.07764923190812169
2485,0.011838250285361028
2486,0.03682518910419549
2487,0.07401688043055947
2488,0.3811464070918228
2489,0.9825007027620686
2490,1.4957998971393753
2491,1.9334792990445258
2492,2.289628192955581
2493,1.5069581832390941
2494,0.7632007265921656
2495,0.06503106840331566
2496,0.5837281110095847
2497,1.1816526683993507
2498,1.729206922246869
